Supervised Model,Unsupervised Model,Hibrid Model,Heterogeneous Model,Heterogeneous regressor Model,Link prediction,link prediction topk,Heterogeneous sage Model,Heterogeneous attention Model,Spectrogram Baseline,CNN Model,DNN Model,twa,num_n_h,mhg,num_n_a,ta,alpha,tw,msw,msa,mgw,mma,k_out,lambda,density,feature
0,0,0,0.1125,1.0,0.9670050761421319,0.9974619289340102,0.0,0.0,0.0,0,0,0.1,-1500.0,fixed,-1500.0,0.5,1.0,0.5,allmini,filter,full,clique,1,1.0,1.0,yamnet
0,0,0,0.11333333333333333,1.0,0.9606598984771574,0.998730964467005,0.0,0.0,0.0,0,0,0.1,-1500.0,fixed,-1500.0,0.5,1.0,0.5,labse,filter,full,clique,1,1.0,1.0,yamnet
0,0,0,0.23,1.0,0.024111675126903553,0.11928934010152284,0.0,0.0,0.0,0,0,0.1,-1500.0,fixed,-1500.0,0.5,1.0,0.5,glove,filter,full,clique,1,1.0,1.0,yamnet
0,0,0,0.5258333333333334,1.0,0.998730964467005,1.0,0.0,0.0,0.0,0,0,0.1,-1500.0,fixed,-1500.0,0.5,1.0,0.5,phon_art,filter,full,clique,1,1.0,1.0,yamnet
0,0,0,0.09583333333333334,1.0,0.8807106598984772,0.983502538071066,0.0,0.0,0.0,0,0,0.1,-1500.0,fixed,-1500.0,0.5,1.0,0.5,phon_count,filter,full,clique,1,1.0,1.0,yamnet
0,0,0,0.12166666666666667,1.0,0.0532994923857868,0.1383248730964467,0.0,0.0,0.0,0,0,0.1,-1500.0,fixed,-1500.0,0.5,1.0,0.5,allmini,filter,full,clique,1,1.0,1.0,yamnet
0,0,0,0.10166666666666667,1.0,0.9378172588832487,0.9911167512690355,0.0,0.0,0.0,0,0,0.1,-1500.0,fixed,-1500.0,0.5,1.0,0.5,labse,filter,full,clique,1,1.0,1.0,yamnet
0,0,0,0.15666666666666668,1.0,0.7906091370558376,0.9593908629441624,0.0,0.0,0.0,0,0,0.1,-1500.0,fixed,-1500.0,0.5,1.0,0.5,glove,filter,full,clique,1,1.0,1.0,yamnet
