Supervised Model,Unsupervised Model,Heterogeneous Model,Spectrogram Baseline,twa,num_n_h,mhg,num_n_a,ta,alpha,tw,msw
0.6666666666666666,0.16666666666666666,0.16666666666666666,0.16666666666666666,0.1,15.0,fixed,10.0,0.0,10.0,0.5,semantics
0.8333333333333334,0.16666666666666666,0.3333333333333333,0.16666666666666666,0.1,15.0,fixed,10.0,0.0,10.0,0.5,phon_count
0.8333333333333334,0.3333333333333333,0.16666666666666666,0.16666666666666666,0.1,15.0,fixed,10.0,0.0,10.0,0.5,mixed
