Supervised Model,Unsupervised Model,Unsupervised sage Model,Heterogeneous Model,Heterogeneous sage Model,Heterogeneous attention Model,Spectrogram Baseline,CNN Model,DNN Model,twa,num_n_h,mhg,num_n_a,ta,alpha,tw,msw,msa,mgw,mma,add
0.764367816091954,0.7614942528735632,0.7729885057471264,0.7672413793103449,0.0,0.0,0.7212643678160919,0.7729885057471264,0.7758620689655172,0.1,23.0,dnn,47.0,0.0,1.0,0.5,phon_count,knn,full,fixed,dnn
0.764367816091954,0.7614942528735632,0.7729885057471264,0.7385057471264368,0.0,0.0,0.7212643678160919,0.7729885057471264,0.7758620689655172,0.1,23.0,fixed,47.0,0.0,1.0,0.5,phon_count,knn,full,fixed,dnn
