Heterogeneous regressor Model,Link class prediction,Link class prediciton top k,Link prediction,link prediction topk,twa,num_n_h,mhg,num_n_a,ta,alpha,tw,msw,msa,mgw,mma,add,k_out,k_inf,lambda,density,feature
0.06532314107018763,0.001389854065323141,0.007412555015056752,0.0032429928190873293,0.00857076673615937,0.1,-1.0,full_weighted,-1.0,0.0,1.0,0.5,labse,filter,full,clique,,1,-1,1.0,1.0,vggish
0.04679175353254575,0.0039379198517488995,0.010192263145703035,0.005559416261292564,0.011350474866805653,0.1,-1.0,fixed,-1.0,0.0,1.0,0.5,phon_art,filter,full,clique,,1,-1,1.0,1.0,vggish
0.015983321751216122,0.0039379198517488995,0.009497336113041464,0.0025480657864257587,0.007412555015056752,0.1,-1.0,full_weighted,-1.0,0.0,1.0,0.5,phon_art,filter,full,clique,,1,-1,1.0,1.0,vggish
0.012740328932128793,0.0030113504748668055,0.010655547834144082,0.0034746351633078527,0.008802409080379893,0.1,-1.0,full_weighted,-1.0,0.0,1.0,0.5,phon_art,filter,full,clique,,1,-1,1.0,1.0,vggish
0.04354876071345842,0.004169562195969423,0.009034051424600417,0.0039379198517488995,0.010655547834144082,0.1,-1.0,fixed,-1.0,0.0,1.0,0.5,phon_art,filter,full,clique,,1,-1,1.0,1.0,vggish
0.07343062311790595,0.0020847810979847115,0.006485985638174659,0.0039379198517488995,0.010192263145703035,0.1,-1.0,full_weighted,-1.0,0.0,1.0,0.5,labse,filter,full,clique,,1,-1,1.0,1.0,vggish
0.064164929349085,0.0020847810979847115,0.008339124391938846,0.0034746351633078527,0.008802409080379893,0.1,-1.0,fixed,-1.0,0.0,1.0,0.5,labse,filter,full,clique,,1,-1,1.0,1.0,vggish
0.08037989344452166,0.0016214964095436647,0.007875839703497799,0.0039379198517488995,0.01250868658790827,0.1,-1.0,full_weighted,-1.0,0.0,1.0,0.5,allmini,filter,full,clique,,1,-1,1.0,1.0,vggish
0.08014825110030113,0.0030113504748668055,0.008802409080379893,0.0030113504748668055,0.010655547834144082,0.1,-1.0,full_weighted,-1.0,0.0,1.0,0.5,labse,filter,full,fixed,,1,-1,1.0,1.0,vggish
