Supervised Model,Unsupervised Model,Hibrid Model,Heterogeneous Model,Heterogeneous regressor Model,Link prediction,link prediction topk,Heterogeneous sage Model,Heterogeneous attention Model,Spectrogram Baseline,CNN Model,DNN Model,twa,num_n_h,mhg,num_n_a,ta,alpha,tw,msw,msa,mgw,mma,k_out,lambda,density,feature
0.34375,0.2125,0.16875,0.3416666666666667,0.17708333333333334,0.16458333333333333,0.5,0.0,0.0,0.0,0,0,0.1,-600.0,full_weighted,-600.0,0.5,1.0,0.5,labse,filter,full,clique,1,1.0,1.0,mel_spec
0.39166666666666666,0.1875,0.17083333333333334,0.28125,0.175,0.16458333333333333,0.5,0.0,0.0,0.0,0,0,0.1,-600.0,full_weighted,-600.0,0.5,1.0,0.5,allmini,filter,full,clique,1,1.0,1.0,mel_spec
0.2625,0.19166666666666668,0.17083333333333334,0.6125,0.30625,0.16458333333333333,0.5,0.0,0.0,0.0,0,0,0.1,-600.0,full_weighted,-600.0,0.5,1.0,0.5,phon_art,filter,full,clique,1,1.0,1.0,mel_spec
0.27291666666666664,0.2520833333333333,0.17083333333333334,0.34375,0.2791666666666667,0.16458333333333333,0.5,0.0,0.0,0.0,0,0,0.1,-600.0,full_weighted,-600.0,0.5,1.0,0.5,phon_count,filter,full,clique,1,1.0,1.0,mel_spec
0.25625,0.17916666666666667,0.16875,0.3,0.30833333333333335,0.16458333333333333,0.5,0.0,0.0,0.0,0,0,0.1,-600.0,full_weighted,-600.0,0.5,1.0,0.5,glove,filter,full,clique,1,1.0,1.0,mel_spec
