Heterogeneous regressor Model,Link class prediction,Link class prediciton top k,Link prediction,link prediction topk,twa,num_n_h,mhg,num_n_a,ta,alpha,tw,msw,msa,mgw,mma,add,k_out,k_inf,lambda,density,feature
0.25833333333333336,0.16666666666666666,0.5,0.15833333333333333,0.5083333333333333,0.1,-600.0,full_weighted,-600.0,0.0,1.0,0.5,labse,filter,full,clique,,1,-600,1.0,1.0,mel_spec
0.25833333333333336,0.16666666666666666,0.44166666666666665,0.16666666666666666,0.475,0.1,-600.0,full_weighted,-600.0,0.0,1.0,0.5,allmini,filter,full,clique,,1,-600,1.0,1.0,mel_spec
0.19166666666666668,0.16666666666666666,0.5,0.16666666666666666,0.49166666666666664,0.1,-600.0,full_weighted,-600.0,0.0,1.0,0.5,phon_art,filter,full,clique,,1,-600,1.0,1.0,mel_spec
