Supervised Model,Unsupervised Model,Unsupervised sage Model,Heterogeneous Model,Heterogeneous regressor Model,Link prediction,link prediction topk,Heterogeneous sage Model,Heterogeneous attention Model,Spectrogram Baseline,CNN Model,DNN Model,twa,num_n_h,mhg,num_n_a,ta,alpha,tw,msw,msa,mgw,mma,add,k_out,k_inf,lambda,density
0.16666666666666666,0.25,0,0.1,0.15,0.11666666666666667,0.43333333333333335,0.0,0.0,0.25,0.3333333333333333,0.3333333333333333,0.1,9.0,fixed,18.0,0.0,1.0,0.5,phon_count,knn,full,fixed,dnn,0,18,1.0,0.5
0.16666666666666666,0.25,0,0.18333333333333332,0.16666666666666666,0.1,0.4166666666666667,0.0,0.0,0.25,0.3333333333333333,0.3333333333333333,0.1,4.0,fixed,18.0,0.0,1.0,0.5,phon_count,knn,full,fixed,dnn,0,18,1.0,0.5
0.16666666666666666,0.25,0,0.21666666666666667,0.1,0.15,0.35,0.0,0.0,0.25,0.3333333333333333,0.3333333333333333,0.1,9.0,dnn,18.0,0.0,1.0,0.5,phon_count,knn,full,fixed,dnn,0,18,1.0,0.5
