Supervised Model,Unsupervised Model,Unsupervised sage Model,Heterogeneous Model,Heterogeneous regressor Model,Link prediction,link prediction topk,Heterogeneous sage Model,Heterogeneous attention Model,Spectrogram Baseline,CNN Model,DNN Model,twa,num_n_h,mhg,num_n_a,ta,alpha,tw,msw,msa,mgw,mma,add,k_out,k_inf,lambda,density
0.67,0.6066666666666667,0.11666666666666667,0.3,0.5633333333333334,0.12666666666666668,0.37666666666666665,0.0,0.0,0.5233333333333333,0.7033333333333334,0.67,0.1,186.0,full_weighted,186.0,0.0,1.0,0.5,phon_art,filter,full,clique,dnn,1,186,1.0,1.0
0.67,0.6066666666666667,0.11666666666666667,0.21666666666666667,0.56,0.11333333333333333,0.3433333333333333,0.0,0.0,0.5233333333333333,0.7033333333333334,0.67,0.1,186.0,fixed,186.0,0.0,1.0,0.5,phon_art,filter,full,clique,dnn,1,186,1.0,1.0
0.66,0.6033333333333334,0.11666666666666667,0.2633333333333333,0.5633333333333334,0.12666666666666668,0.37,0.0,0.0,0.5233333333333333,0.68,0.69,0.1,186.0,full_weighted,186.0,0.0,1.0,0.5,phon_count,filter,full,clique,dnn,1,186,1.0,1.0
0.66,0.6033333333333334,0.11666666666666667,0.2966666666666667,0.5766666666666667,0.11333333333333333,0.36,0.0,0.0,0.5233333333333333,0.68,0.69,0.1,186.0,fixed,186.0,0.0,1.0,0.5,phon_count,filter,full,clique,dnn,1,186,1.0,1.0
