Supervised Model,Unsupervised Model,Unsupervised sage Model,Heterogeneous Model,Heterogeneous regressor Model,Link prediction,link prediction topk,Heterogeneous sage Model,Heterogeneous attention Model,Spectrogram Baseline,CNN Model,DNN Model,twa,num_n_h,mhg,num_n_a,ta,alpha,tw,msw,msa,mgw,mma,add,k_out,k_inf,lambda,density
0.36666666666666664,0.23333333333333334,0.15,0.2833333333333333,0.2,0.16666666666666666,0.45,0.0,0.0,0.25,0.36666666666666664,0.38333333333333336,0.1,36.0,fixed,18.0,0.0,1.0,0.5,phon_art,knn,full,fixed,dnn,1,18,0.0,0.5
0.35,0.15,0.15,0.31666666666666665,0.2,0.1,0.36666666666666664,0.0,0.0,0.25,0.43333333333333335,0.4,0.1,36.0,fixed,18.0,0.0,1.0,0.5,phon_art,knn,full,fixed,dnn,1,18,0.0,0.5
0.35,0.15,0.15,0.26666666666666666,0.21666666666666667,0.11666666666666667,0.4166666666666667,0.0,0.0,0.25,0.43333333333333335,0.4,0.1,36.0,fixed,18.0,0.0,1.0,0.5,phon_count,knn,full,fixed,dnn,1,18,0.0,0.5
0.25,0.16666666666666666,0.13333333333333333,0.31666666666666665,0.23333333333333334,0.11666666666666667,0.36666666666666664,0.0,0.0,0.25,0.38333333333333336,0.31666666666666665,0.1,36.0,fixed,18.0,0.0,1.0,0.5,phon_art,knn,full,fixed,dnn,1,18,0.0,0.5
0.31666666666666665,0.23333333333333334,0.16666666666666666,0.3,0.21666666666666667,0.13333333333333333,0.38333333333333336,0.0,0.0,0.25,0.38333333333333336,0.31666666666666665,0.1,36.0,fixed,18.0,0.0,1.0,0.5,phon_art,knn,full,fixed,dnn,1,18,0.0,0.5
0.31666666666666665,0.25,0.18333333333333332,0.3,0.18333333333333332,0.16666666666666666,0.4666666666666667,0.0,0.0,0.25,0.38333333333333336,0.31666666666666665,0.1,36.0,fixed,18.0,0.0,1.0,0.5,phon_art,knn,full,fixed,dnn,1,18,0.0,0.5
0.31666666666666665,0.25,0.18333333333333332,0.31666666666666665,0.18333333333333332,0.13333333333333333,0.3333333333333333,0.0,0.0,0.25,0.38333333333333336,0.31666666666666665,0.1,36.0,fixed,18.0,0.0,1.0,0.5,phon_count,knn,full,fixed,dnn,1,18,0.0,0.5
0.31666666666666665,0.25,0.18333333333333332,0.21666666666666667,0.2,0.11666666666666667,0.36666666666666664,0.0,0.0,0.25,0.38333333333333336,0.31666666666666665,0.1,36.0,dnn,18.0,0.0,1.0,0.5,phon_art,knn,full,fixed,dnn,1,18,0.0,0.5
0.3,0.36666666666666664,0.11666666666666667,0.3333333333333333,0.21666666666666667,0.1,0.3333333333333333,0.0,0.0,0.25,0.45,0.36666666666666664,0.1,36.0,fixed,18.0,0.0,1.0,0.5,phon_art,knn,full,fixed,dnn,1,18,0.0,0.5
