Supervised Model,Unsupervised Model,Heterogeneous Model,Heterogeneous attention Model,Spectrogram Baseline,CNN Model,twa,num_n_h,mhg,num_n_a,ta,alpha,tw,msw,msa,mgw
0.9333333333333333,0.7833333333333333,0.8333333333333334,0.0,0.15,0.35,0.1,20.0,ML,20.0,0.0,2.0,0.5,phon_count,mixed,full
0.63,0.4166666666666667,0.7533333333333333,0.0,0.98,0.9433333333333334,0.1,20.0,ML,20.0,0.0,2.0,0.5,phon_count,mixed,full
0.9666666666666667,0.7333333333333333,0.8333333333333334,0.0,0.15,0.26666666666666666,0.2,20.0,ML,20.0,0.0,2.0,0.5,phon_count,mixed,full
0.54,0.44333333333333336,0.7533333333333333,0.0,0.98,0.94,0.2,20.0,ML,20.0,0.0,2.0,0.5,phon_count,mixed,full
0.9666666666666667,0.7833333333333333,0.8333333333333334,0.0,0.15,0.35,0.3,20.0,ML,20.0,0.0,2.0,0.5,phon_count,mixed,full
