Supervised Model,Unsupervised Model,Hibrid Model,Heterogeneous Model,Heterogeneous regressor Model,Link prediction,link prediction topk,Heterogeneous sage Model,Heterogeneous attention Model,Spectrogram Baseline,CNN Model,DNN Model,twa,num_n_h,mhg,num_n_a,ta,alpha,tw,msw,msa,mgw,mma,k_out,lambda,density
0.75,0.8820833333333333,0.03770833333333334,0.22375,0.4245833333333333,0.021875,0.08,0.0,0.0,0.0,1.0,1.0,0.1,749.0,full_weighted,749.0,0.5,1.0,0.5,phon_art,filter,full,clique,1,1.0,1.0
0.7360416666666667,0.8077083333333334,0.03770833333333334,0.18770833333333334,0.4354166666666667,0.021875,0.07958333333333334,0.0,0.0,0.0,1.0,1.0,0.1,749.0,fixed,749.0,0.5,1.0,0.5,phon_art,filter,full,clique,1,1.0,1.0
0.6454166666666666,0.8427083333333333,0.03895833333333333,0.17520833333333333,0.299375,0.012083333333333333,0.0475,0.0,0.0,0.0,1.0,0.9760416666666667,0.1,749.0,full_weighted,749.0,0.5,1.0,0.5,phon_count,filter,full,clique,1,1.0,1.0
0.7533333333333333,0.6016666666666667,0.03895833333333333,0.18145833333333333,0.46479166666666666,0.011875,0.0475,0.0,0.0,0.0,1.0,0.9760416666666667,0.1,749.0,fixed,749.0,0.5,1.0,0.5,phon_count,filter,full,clique,1,1.0,1.0
