Supervised Model,Unsupervised Model,Unsupervised sage Model,Heterogeneous Model,Heterogeneous regressor Model,Link prediction,link prediction topk,Heterogeneous sage Model,Heterogeneous attention Model,Spectrogram Baseline,CNN Model,DNN Model,twa,num_n_h,mhg,num_n_a,ta,alpha,tw,msw,msa,mgw,mma,add,k_out,k_inf,lambda,density
0.1781818181818182,0.18727272727272729,0.04090909090909091,0.18,0.28545454545454546,0.03363636363636364,0.08363636363636363,0.0,0.0,0.3236363636363636,0.5681818181818182,0.5472727272727272,0.1,686.0,full_weighted,686.0,0.0,1.0,0.5,phon_art,filter,full,clique,dnn,1,686,1.0,1.0
0.21,0.1781818181818182,0.03909090909090909,0.20636363636363636,0.2636363636363636,0.02909090909090909,0.08818181818181818,0.0,0.0,0.3236363636363636,0.5681818181818182,0.5472727272727272,0.1,686.0,fixed,686.0,0.0,1.0,0.5,phon_art,filter,full,clique,dnn,1,686,1.0,1.0
0.22272727272727272,0.18363636363636363,0.03909090909090909,0.2809090909090909,0.20909090909090908,0.01818181818181818,0.08,0.0,0.0,0.3236363636363636,0.55,0.5245454545454545,0.1,686.0,full_weighted,686.0,0.0,1.0,0.5,phon_count,filter,full,clique,dnn,1,686,1.0,1.0
0.24363636363636362,0.20272727272727273,0.03909090909090909,0.1709090909090909,0.31272727272727274,0.01818181818181818,0.07818181818181819,0.0,0.0,0.3236363636363636,0.55,0.5245454545454545,0.1,686.0,fixed,686.0,0.0,1.0,0.5,phon_count,filter,full,clique,dnn,1,686,1.0,1.0
