Supervised Model,Unsupervised Model,Hibrid Model,Heterogeneous Model,Heterogeneous regressor Model,Link prediction,link prediction topk,Heterogeneous sage Model,Heterogeneous attention Model,Spectrogram Baseline,CNN Model,DNN Model,twa,num_n_h,mhg,num_n_a,ta,alpha,tw,msw,msa,mgw,mma,k_out,lambda,density
0.9875,0.95,0.10833333333333334,0.39166666666666666,0.725,0.12416666666666666,0.39166666666666666,0.0,0.0,0.0,1.0,1.0,0.1,186.0,full_weighted,186.0,0.5,1.0,0.5,phon_art,filter,full,clique,1,1.0,1.0
0.9875,0.9416666666666667,0.10833333333333334,0.25833333333333336,0.725,0.12416666666666666,0.39,0.0,0.0,0.0,1.0,1.0,0.1,186.0,fixed,186.0,0.5,1.0,0.5,phon_art,filter,full,clique,1,1.0,1.0
0.925,0.9458333333333333,0.10833333333333334,0.2625,0.725,0.14916666666666667,0.4125,0.0,0.0,0.0,1.0,1.0,0.1,186.0,full_weighted,186.0,0.5,1.0,0.5,phon_count,filter,full,clique,1,1.0,1.0
0.925,0.9041666666666667,0.10833333333333334,0.4083333333333333,0.7333333333333333,0.1475,0.41083333333333333,0.0,0.0,0.0,1.0,1.0,0.1,186.0,fixed,186.0,0.5,1.0,0.5,phon_count,filter,full,clique,1,1.0,1.0
