Supervised Model,Unsupervised Model,Hibrid Model,Heterogeneous Model,Heterogeneous regressor Model,Link prediction,link prediction topk,Heterogeneous sage Model,Heterogeneous attention Model,Spectrogram Baseline,CNN Model,DNN Model,twa,num_n_h,mhg,num_n_a,ta,alpha,tw,msw,msa,mgw,mma,k_out,lambda,density
0.9885714285714285,0.9810714285714286,0.12714285714285714,0.3917857142857143,0.88,0.08678571428571429,0.3585714285714286,0.0,0.0,0.0,1.0,1.0,0.1,436.0,full_weighted,436.0,0.5,1.0,0.5,phon_art,filter,full,clique,1,1.0,1.0
0.9835714285714285,0.9792857142857143,0.12714285714285714,0.5696428571428571,0.8717857142857143,0.08642857142857142,0.35928571428571426,0.0,0.0,0.0,1.0,1.0,0.1,436.0,fixed,436.0,0.5,1.0,0.5,phon_art,filter,full,clique,1,1.0,1.0
0.9835714285714285,0.9128571428571428,0.12714285714285714,0.6410714285714286,0.8914285714285715,0.11964285714285715,0.46,0.0,0.0,0.0,1.0,1.0,0.1,436.0,full_weighted,436.0,0.5,1.0,0.5,phon_count,filter,full,clique,1,1.0,1.0
0.9846428571428572,0.9853571428571428,0.12714285714285714,0.6346428571428572,0.8582142857142857,0.11928571428571429,0.4607142857142857,0.0,0.0,0.0,1.0,1.0,0.1,436.0,fixed,436.0,0.5,1.0,0.5,phon_count,filter,full,clique,1,1.0,1.0
