Supervised Model,Unsupervised Model,Hibrid Model,Heterogeneous Model,Heterogeneous regressor Model,Link prediction,link prediction topk,Heterogeneous sage Model,Heterogeneous attention Model,Spectrogram Baseline,CNN Model,DNN Model,twa,num_n_h,mhg,num_n_a,ta,alpha,tw,msw,msa,mgw,mma,k_out,lambda,density
0.9366666666666666,0.9175,0.12708333333333333,0.425,0.8670833333333333,0.08666666666666667,0.3620833333333333,0.0,0.0,0.0,1.0,1.0,0.1,374.0,full_weighted,374.0,0.5,1.0,0.5,phon_art,filter,full,clique,1,1.0,1.0
0.89125,0.9104166666666667,0.12708333333333333,0.33458333333333334,0.8483333333333334,0.08666666666666667,0.3625,0.0,0.0,0.0,1.0,1.0,0.1,374.0,fixed,374.0,0.5,1.0,0.5,phon_art,filter,full,clique,1,1.0,1.0
0.9841666666666666,0.9666666666666667,0.12708333333333333,0.3725,0.8725,0.11625,0.4683333333333333,0.0,0.0,0.0,1.0,1.0,0.1,374.0,full_weighted,374.0,0.5,1.0,0.5,phon_count,filter,full,clique,1,1.0,1.0
0.98375,0.96125,0.12708333333333333,0.6745833333333333,0.8645833333333334,0.11625,0.46791666666666665,0.0,0.0,0.0,1.0,1.0,0.1,374.0,fixed,374.0,0.5,1.0,0.5,phon_count,filter,full,clique,1,1.0,1.0
0.9904166666666666,0.9533333333333334,0.12708333333333333,0.47291666666666665,0.8458333333333333,0.008333333333333333,0.10166666666666667,0.0,0.0,0.0,0.015416666666666667,0.0175,0.1,87.0,full_weighted,87.0,0.5,1.0,0.5,phon_art,filter,full,clique,1,1.0,1.0
0.995,0.97375,0.12708333333333333,0.4533333333333333,0.8433333333333334,0.008333333333333333,0.1025,0.0,0.0,0.0,0.015416666666666667,0.0175,0.1,87.0,fixed,87.0,0.5,1.0,0.5,phon_art,filter,full,clique,1,1.0,1.0
