Supervised Model,Unsupervised Model,Hibrid Model,Heterogeneous Model,Heterogeneous regressor Model,Link prediction,link prediction topk,Heterogeneous sage Model,Heterogeneous attention Model,Spectrogram Baseline,CNN Model,DNN Model,twa,num_n_h,mhg,num_n_a,ta,alpha,tw,msw,msa,mgw,mma,k_out,lambda,density
0.7916666666666666,0.3333333333333333,0.08333333333333333,1.0,0.5625,0.10833333333333334,0.3333333333333333,0.0,0.0,0.0,1.0,1.0,0.1,36.0,full_weighted,36.0,0.5,1.0,0.5,phon_art,filter,full,clique,1,1.0,1.0
0.7916666666666666,0.3333333333333333,0.08333333333333333,1.0,0.5833333333333334,0.17083333333333334,0.43333333333333335,0.0,0.0,0.0,1.0,1.0,0.1,36.0,fixed,36.0,0.5,1.0,0.5,phon_art,filter,full,clique,1,1.0,1.0
0.8541666666666666,0.4375,0.08333333333333333,1.0,0.5,0.125,0.36666666666666664,0.0,0.0,0.0,1.0,1.0,0.1,36.0,full_weighted,36.0,0.5,1.0,0.5,phon_count,filter,full,clique,1,1.0,1.0
0.8541666666666666,0.5625,0.08333333333333333,1.0,0.4791666666666667,0.125,0.37083333333333335,0.0,0.0,0.0,1.0,1.0,0.1,36.0,fixed,36.0,0.5,1.0,0.5,phon_count,filter,full,clique,1,1.0,1.0
0.8333333333333334,0.3541666666666667,0.08333333333333333,1.0,0.5416666666666666,0.12083333333333333,0.38333333333333336,0.0,0.0,0.0,1.0,1.0,0.1,36.0,full_weighted,36.0,0.5,1.0,0.5,phon_art,filter,full,clique,1,1.0,1.0
0.8333333333333334,0.2916666666666667,0.08333333333333333,1.0,0.5,0.125,0.37083333333333335,0.0,0.0,0.0,1.0,1.0,0.1,36.0,fixed,36.0,0.5,1.0,0.5,phon_art,filter,full,clique,1,1.0,1.0
0.625,0.375,0.08333333333333333,1.0,0.5208333333333334,0.125,0.37083333333333335,0.0,0.0,0.0,1.0,1.0,0.1,36.0,full_weighted,36.0,0.5,1.0,0.5,phon_count,filter,full,clique,1,1.0,1.0
0.625,0.4583333333333333,0.08333333333333333,1.0,0.5625,0.125,0.37083333333333335,0.0,0.0,0.0,1.0,1.0,0.1,36.0,fixed,36.0,0.5,1.0,0.5,phon_count,filter,full,clique,1,1.0,1.0
