Supervised Model,Unsupervised Model,Unsupervised sage Model,Heterogeneous Model,Heterogeneous regressor Model,Link prediction,link prediction topk,Heterogeneous sage Model,Heterogeneous attention Model,Spectrogram Baseline,CNN Model,DNN Model,twa,num_n_h,mhg,num_n_a,ta,alpha,tw,msw,msa,mgw,mma,add,k_out,k_inf,lambda,density
0.7171428571428572,0.5571428571428572,0.11571428571428571,0.37857142857142856,0.5771428571428572,0.12714285714285714,0.3842857142857143,0.0,0.0,0.5071428571428571,0.7714285714285715,0.7228571428571429,0.1,436.0,full_weighted,436.0,0.0,1.0,0.5,phon_art,filter,full,clique,dnn,1,436,1.0,1.0
0.7171428571428572,0.5885714285714285,0.11571428571428571,0.5214285714285715,0.5114285714285715,0.12,0.37714285714285717,0.0,0.0,0.5071428571428571,0.7714285714285715,0.7228571428571429,0.1,436.0,fixed,436.0,0.0,1.0,0.5,phon_art,filter,full,clique,dnn,1,436,1.0,1.0
0.7128571428571429,0.58,0.11428571428571428,0.5142857142857142,0.49142857142857144,0.11714285714285715,0.37285714285714283,0.0,0.0,0.5071428571428571,0.7457142857142857,0.7628571428571429,0.1,436.0,full_weighted,436.0,0.0,1.0,0.5,phon_count,filter,full,clique,dnn,1,436,1.0,1.0
0.7157142857142857,0.5814285714285714,0.11428571428571428,0.5271428571428571,0.46714285714285714,0.13857142857142857,0.3871428571428571,0.0,0.0,0.5071428571428571,0.7457142857142857,0.7628571428571429,0.1,436.0,fixed,436.0,0.0,1.0,0.5,phon_count,filter,full,clique,dnn,1,436,1.0,1.0
