Supervised Model,Unsupervised Model,Unsupervised sage Model,Heterogeneous Model,Heterogeneous regressor Model,Link prediction,link prediction topk,Heterogeneous sage Model,Heterogeneous attention Model,Spectrogram Baseline,CNN Model,DNN Model,twa,num_n_h,mhg,num_n_a,ta,alpha,tw,msw,msa,mgw,mma,add,k_out,k_inf,lambda,density
0.6533333333333333,0.6933333333333334,0.11666666666666667,0.4533333333333333,0.5916666666666667,0.12166666666666667,0.42,0.0,0.0,0.49166666666666664,0.7583333333333333,0.74,0.1,374.0,full_weighted,374.0,0.0,1.0,0.5,phon_art,filter,full,clique,dnn,1,374,1.0,1.0
0.6583333333333333,0.6933333333333334,0.11666666666666667,0.33,0.44,0.13166666666666665,0.4,0.0,0.0,0.49166666666666664,0.7583333333333333,0.74,0.1,374.0,fixed,374.0,0.0,1.0,0.5,phon_art,filter,full,clique,dnn,1,374,1.0,1.0
0.7,0.7066666666666667,0.11666666666666667,0.3416666666666667,0.56,0.11833333333333333,0.37333333333333335,0.0,0.0,0.49166666666666664,0.75,0.74,0.1,374.0,full_weighted,374.0,0.0,1.0,0.5,phon_count,filter,full,clique,dnn,1,374,1.0,1.0
0.645,0.7066666666666667,0.11666666666666667,0.5166666666666667,0.5683333333333334,0.12833333333333333,0.355,0.0,0.0,0.49166666666666664,0.75,0.74,0.1,374.0,fixed,374.0,0.0,1.0,0.5,phon_count,filter,full,clique,dnn,1,374,1.0,1.0
0.49166666666666664,0.455,0.11666666666666667,0.46,0.5983333333333334,0.0033333333333333335,0.035,0.0,0.0,0.49166666666666664,0.02,0.011666666666666667,0.1,87.0,full_weighted,87.0,0.0,1.0,0.5,phon_art,filter,full,clique,dnn,1,87,1.0,1.0
0.4633333333333333,0.43,0.11666666666666667,0.43833333333333335,0.6133333333333333,0.1,0.245,0.0,0.0,0.49166666666666664,0.02,0.011666666666666667,0.1,87.0,fixed,87.0,0.0,1.0,0.5,phon_art,filter,full,clique,dnn,1,87,1.0,1.0
