Supervised Model,Unsupervised Model,Hibrid Model,Heterogeneous Model,Heterogeneous regressor Model,Link prediction,link prediction topk,Heterogeneous sage Model,Heterogeneous attention Model,Spectrogram Baseline,CNN Model,DNN Model,twa,num_n_h,mhg,num_n_a,ta,alpha,tw,msw,msa,mgw,mma,k_out,lambda,density
0.5672727272727273,0.8629545454545454,0.038636363636363635,0.2772727272727273,0.03931818181818182,0.0225,0.08272727272727273,0.0,0.0,0.0,1.0,1.0,0.1,686.0,full_weighted,686.0,0.5,1.0,0.5,phon_art,filter,full,clique,1,1.0,1.0
0.5868181818181818,0.8247727272727273,0.03909090909090909,0.2856818181818182,0.10863636363636364,0.022727272727272728,0.08295454545454546,0.0,0.0,0.0,1.0,1.0,0.1,686.0,fixed,686.0,0.5,1.0,0.5,phon_art,filter,full,clique,1,1.0,1.0
0.7086363636363636,0.9052272727272728,0.03931818181818182,0.5159090909090909,0.2847727272727273,0.012045454545454545,0.04727272727272727,0.0,0.0,0.0,1.0,0.9881818181818182,0.1,686.0,full_weighted,686.0,0.5,1.0,0.5,phon_count,filter,full,clique,1,1.0,1.0
0.6677272727272727,0.8827272727272727,0.03931818181818182,0.2634090909090909,0.4434090909090909,0.012045454545454545,0.04704545454545454,0.0,0.0,0.0,1.0,0.9881818181818182,0.1,686.0,fixed,686.0,0.5,1.0,0.5,phon_count,filter,full,clique,1,1.0,1.0
