Supervised Model,Unsupervised Model,Hibrid Model,Heterogeneous Model,Heterogeneous regressor Model,Link prediction,link prediction topk,Heterogeneous sage Model,Heterogeneous attention Model,Spectrogram Baseline,CNN Model,DNN Model,twa,num_n_h,mhg,num_n_a,ta,alpha,tw,msw,msa,mgw,mma,k_out,lambda,density
0.9583333333333334,0.2916666666666667,0.3541666666666667,1.0,0.4166666666666667,0.17083333333333334,0.49583333333333335,0.0,0.0,0.0,1.0,1.0,0.1,36.0,fixed,18.0,0.5,1.0,0.5,phon_art,knn,full,fixed,1,0.0,0.5
0.9375,0.3541666666666667,0.1875,1.0,0.4375,0.15,0.38333333333333336,0.0,0.0,0.0,1.0,1.0,0.1,36.0,fixed,18.0,0.5,1.0,0.5,phon_art,knn,full,fixed,1,0.0,0.5
0.9583333333333334,0.3958333333333333,0.3333333333333333,1.0,0.5,0.125,0.38333333333333336,0.0,0.0,0.0,1.0,1.0,0.1,36.0,fixed,18.0,0.5,1.0,0.5,phon_art,knn,full,fixed,1,0.0,0.5
0.9583333333333334,0.3125,0.2708333333333333,1.0,0.5,0.1375,0.3875,0.0,0.0,0.0,1.0,1.0,0.1,36.0,fixed,18.0,0.5,1.0,0.5,phon_art,knn,full,fixed,1,0.0,0.5
0.9583333333333334,0.2916666666666667,0.2708333333333333,1.0,0.4791666666666667,0.1375,0.3375,0.0,0.0,0.0,1.0,1.0,0.1,36.0,fixed,18.0,0.5,1.0,0.5,phon_count,knn,full,fixed,1,0.0,0.5
0.9583333333333334,0.3125,0.2708333333333333,1.0,0.5,0.14583333333333334,0.36666666666666664,0.0,0.0,0.0,1.0,1.0,0.1,36.0,dnn,18.0,0.5,1.0,0.5,phon_art,knn,full,fixed,1,0.0,0.5
0.9583333333333334,0.2916666666666667,0.125,1.0,0.5,0.1375,0.3875,0.0,0.0,0.0,1.0,1.0,0.1,36.0,fixed,18.0,0.5,1.0,0.5,phon_art,knn,full,fixed,1,0.5,0.5
0.9791666666666666,0.375,0.2916666666666667,1.0,0.5833333333333334,0.1625,0.3875,0.0,0.0,0.0,1.0,1.0,0.1,36.0,fixed,18.0,0.5,1.0,0.5,phon_art,knn,full,fixed,1,0.0,0.5
