Supervised Model,Unsupervised Model,Hibrid Model,Heterogeneous Model,Heterogeneous regressor Model,Link prediction,link prediction topk,Heterogeneous sage Model,Heterogeneous attention Model,Spectrogram Baseline,CNN Model,DNN Model,twa,num_n_h,mhg,num_n_a,ta,alpha,tw,msw,msa,mgw,mma,k_out,lambda,density
0.8130555555555555,0.9108333333333334,0.03916666666666667,0.19416666666666665,0.3,0.011944444444444445,0.0475,0.0,0.0,0.0,0.025,0.0225,0.1,561.0,full_weighted,561.0,0.5,1.0,0.5,phon_art,filter,full,clique,1,1.0,1.0
0.7138888888888889,0.9366666666666666,0.03916666666666667,0.09777777777777778,0.29194444444444445,0.011944444444444445,0.0475,0.0,0.0,0.0,0.025,0.0225,0.1,561.0,fixed,561.0,0.5,1.0,0.5,phon_art,filter,full,clique,1,1.0,1.0
0.6511111111111111,0.8480555555555556,0.03916666666666667,0.4247222222222222,0.09861111111111111,0.011944444444444445,0.0475,0.0,0.0,0.0,1.0,1.0,0.1,561.0,full_weighted,561.0,0.5,1.0,0.5,phon_count,filter,full,clique,1,1.0,1.0
0.5108333333333334,0.8927777777777778,0.03861111111111111,0.15555555555555556,0.09805555555555556,0.011944444444444445,0.0475,0.0,0.0,0.0,1.0,1.0,0.1,561.0,fixed,561.0,0.5,1.0,0.5,phon_count,filter,full,clique,1,1.0,1.0
