Supervised Model,Unsupervised Model,Unsupervised sage Model,Heterogeneous Model,Heterogeneous regressor Model,Link prediction,link prediction topk,Heterogeneous sage Model,Heterogeneous attention Model,Spectrogram Baseline,CNN Model,DNN Model,twa,num_n_h,mhg,num_n_a,ta,alpha,tw,msw,msa,mgw,mma,add,k_out,k_inf,lambda,density
0.3333333333333333,0.06666666666666667,0.11666666666666667,0.3,0.23333333333333334,0.15,0.3,0.0,0.0,0.25,0.2833333333333333,0.4166666666666667,0.1,36.0,full_weighted,36.0,0.0,1.0,0.5,phon_art,filter,full,clique,dnn,1,36,1.0,1.0
0.3333333333333333,0.06666666666666667,0.11666666666666667,0.26666666666666666,0.21666666666666667,0.11666666666666667,0.38333333333333336,0.0,0.0,0.25,0.2833333333333333,0.4166666666666667,0.1,36.0,fixed,36.0,0.0,1.0,0.5,phon_art,filter,full,clique,dnn,1,36,1.0,1.0
0.35,0.23333333333333334,0.11666666666666667,0.26666666666666666,0.26666666666666666,0.1,0.3333333333333333,0.0,0.0,0.25,0.2833333333333333,0.31666666666666665,0.1,36.0,full_weighted,36.0,0.0,1.0,0.5,phon_count,filter,full,clique,dnn,1,36,1.0,1.0
0.35,0.23333333333333334,0.11666666666666667,0.21666666666666667,0.23333333333333334,0.08333333333333333,0.36666666666666664,0.0,0.0,0.25,0.2833333333333333,0.31666666666666665,0.1,36.0,fixed,36.0,0.0,1.0,0.5,phon_count,filter,full,clique,dnn,1,36,1.0,1.0
0.31666666666666665,0.23333333333333334,0.11666666666666667,0.26666666666666666,0.26666666666666666,0.11666666666666667,0.45,0.0,0.0,0.25,0.3333333333333333,0.43333333333333335,0.1,36.0,full_weighted,36.0,0.0,1.0,0.5,phon_art,filter,full,clique,dnn,1,36,1.0,1.0
0.31666666666666665,0.23333333333333334,0.11666666666666667,0.26666666666666666,0.26666666666666666,0.15,0.38333333333333336,0.0,0.0,0.25,0.3333333333333333,0.43333333333333335,0.1,36.0,fixed,36.0,0.0,1.0,0.5,phon_art,filter,full,clique,dnn,1,36,1.0,1.0
0.3,0.23333333333333334,0.15,0.26666666666666666,0.21666666666666667,0.03333333333333333,0.36666666666666664,0.0,0.0,0.25,0.3333333333333333,0.38333333333333336,0.1,36.0,full_weighted,36.0,0.0,1.0,0.5,phon_count,filter,full,clique,dnn,1,36,1.0,1.0
0.3,0.23333333333333334,0.15,0.2833333333333333,0.23333333333333334,0.1,0.38333333333333336,0.0,0.0,0.25,0.3333333333333333,0.38333333333333336,0.1,36.0,fixed,36.0,0.0,1.0,0.5,phon_count,filter,full,clique,dnn,1,36,1.0,1.0
