Supervised Model,Unsupervised Model,Unsupervised sage Model,Heterogeneous Model,Heterogeneous regressor Model,Link prediction,link prediction topk,Heterogeneous sage Model,Heterogeneous attention Model,Spectrogram Baseline,CNN Model,DNN Model,twa,num_n_h,mhg,num_n_a,ta,alpha,tw,msw,msa,mgw,mma,add,k_out,k_inf,lambda,density
0.20916666666666667,0.16916666666666666,0.03833333333333333,0.14833333333333334,0.03833333333333333,0.04,0.09333333333333334,0.0,0.0,0.33416666666666667,0.5391666666666667,0.5375,0.1,749.0,full_weighted,749.0,0.0,1.0,0.5,phon_art,filter,full,clique,dnn,1,749,1.0,1.0
0.195,0.17666666666666667,0.03833333333333333,0.16583333333333333,0.2175,0.03166666666666667,0.07416666666666667,0.0,0.0,0.33416666666666667,0.5391666666666667,0.5375,0.1,749.0,fixed,749.0,0.0,1.0,0.5,phon_art,filter,full,clique,dnn,1,749,1.0,1.0
0.1925,0.22,0.04083333333333333,0.13583333333333333,0.2825,0.03,0.07333333333333333,0.0,0.0,0.33416666666666667,0.5166666666666667,0.5183333333333333,0.1,749.0,full_weighted,749.0,0.0,1.0,0.5,phon_count,filter,full,clique,dnn,1,749,1.0,1.0
0.22583333333333333,0.22666666666666666,0.03833333333333333,0.11666666666666667,0.27666666666666667,0.02666666666666667,0.08833333333333333,0.0,0.0,0.33416666666666667,0.5166666666666667,0.5183333333333333,0.1,749.0,fixed,749.0,0.0,1.0,0.5,phon_count,filter,full,clique,dnn,1,749,1.0,1.0
