Supervised Model,Unsupervised Model,Unsupervised sage Model,Heterogeneous Model,Heterogeneous regressor Model,Link prediction,link prediction topk,Heterogeneous sage Model,Heterogeneous attention Model,Spectrogram Baseline,CNN Model,DNN Model,twa,num_n_h,mhg,num_n_a,ta,alpha,tw,msw,msa,mgw,mma,add,k_out,k_inf,lambda,density
0.26666666666666666,0.18333333333333332,0.15,0.3,0.16666666666666666,0.13333333333333333,0.4,0.0,0.0,0.25,0.4166666666666667,0.4166666666666667,0.1,36.0,full_weighted,18.0,0.0,1.0,0.5,phon_art,knn,full,fixed,dnn,1,18,0.0,0.5
0.2,0.2,0.13333333333333333,0.25,0.18333333333333332,0.15,0.4,0.0,0.0,0.25,0.45,0.3333333333333333,0.1,36.0,full_weighted,18.0,0.0,1.0,0.5,phon_art,knn,full,fixed,dnn,0,18,0.0,0.5
0.16666666666666666,0.16666666666666666,0.13333333333333333,0.21666666666666667,0.2,0.16666666666666666,0.45,0.0,0.0,0.25,0.38333333333333336,0.4166666666666667,0.1,36.0,full_weighted,18.0,0.0,1.0,0.5,phon_art,knn,full,fixed,dnn,0,18,0.0,0.5
