Supervised Model,Unsupervised Model,Unsupervised sage Model,Heterogeneous Model,Heterogeneous regressor Model,Link prediction,link prediction topk,Heterogeneous sage Model,Heterogeneous attention Model,Spectrogram Baseline,CNN Model,DNN Model,twa,num_n_h,mhg,num_n_a,ta,alpha,tw,msw,msa,mgw,mma,add,k_out,k_inf,lambda,density
0.1976923076923077,0.2276923076923077,0.038461538461538464,0.12461538461538461,0.038461538461538464,0.03230769230769231,0.10153846153846154,0.0,0.0,0.3415384615384615,0.5246153846153846,0.5107692307692308,0.1,811.0,full_weighted,811.0,0.0,1.0,0.5,phon_art,filter,full,clique,dnn,1,811,1.0,1.0
0.21769230769230768,0.22230769230769232,0.038461538461538464,0.07615384615384616,0.29,0.03230769230769231,0.0876923076923077,0.0,0.0,0.3415384615384615,0.5246153846153846,0.5107692307692308,0.1,811.0,fixed,811.0,0.0,1.0,0.5,phon_art,filter,full,clique,dnn,1,811,1.0,1.0
