Supervised Model,Unsupervised Model,Hibrid Model,Heterogeneous Model,Heterogeneous sage Model,Heterogeneous attention Model,Spectrogram Baseline,CNN Model,DNN Model,twa,num_n_h,mhg,num_n_a,ta,alpha,tw,msw,msa,mgw,mma
0.9833333333333333,0.95,1.0,1.0,0.0,0.0,0.0,1.0,0.9875,0.1,93.0,dnn,93.0,0.5,1.0,0.5,phon_count,knn,full,fixed
0.9833333333333333,0.9708333333333333,1.0,1.0,0.0,0.0,0.0,1.0,0.9875,0.1,93.0,ML,93.0,0.5,1.0,0.5,phon_count,knn,full,fixed
0.9833333333333333,0.925,1.0,0.9958333333333333,0.0,0.0,0.0,1.0,0.9875,0.1,93.0,fixed,93.0,0.5,1.0,0.5,phon_count,knn,full,fixed
0.9958333333333333,0.9416666666666667,0.9958333333333333,0.9875,0.0,0.0,0.0,1.0,1.0,0.1,93.0,dnn,93.0,0.5,1.0,0.5,phon_count,knn,full,fixed
0.9958333333333333,0.95,0.9958333333333333,1.0,0.0,0.0,0.0,1.0,1.0,0.1,93.0,ML,93.0,0.5,1.0,0.5,phon_count,knn,full,fixed
0.9958333333333333,0.9416666666666667,0.9958333333333333,0.9916666666666667,0.0,0.0,0.0,1.0,1.0,0.1,93.0,fixed,93.0,0.5,1.0,0.5,phon_count,knn,full,fixed
0.9958333333333333,0.95,0.9958333333333333,0.9083333333333333,0.0,0.0,0.0,1.0,1.0,0.1,93.0,mixed,93.0,0.5,1.0,0.5,phon_count,knn,full,fixed
0.9958333333333333,0.975,0.9958333333333333,1.0,0.0,0.0,0.0,1.0,0.9958333333333333,0.1,148.0,dnn,148.0,0.5,1.0,0.5,phon_count,knn,full,fixed
